PM2.5,PM10,NO,NO2,NOx,NH3,CO,SO2,O3,AQI
37.89,169.68,75.54,11.03,135.21,77.46,0.52,17.43,21.85,67.64
236.21,176.27,110.87,96.2,216.37,13.97,3.61,61.23,165.84,210.16
181.51,117.06,14.31,54.78,108.61,57.97,1.84,96.09,62.75,136.95
265.05,172.71,73.88,69.63,149.97,56.19,0.43,13.15,61.87,156.2
91.93,13.65,56.98,114.53,198.25,37.67,3.01,83.17,124.86,108.84
209.91,114.26,126.9,8.08,154.07,29.99,0.76,24.99,26.83,118.17
171.5,92.44,140.81,48.47,197.16,4.05,2.81,8.35,156.48,146.2
141.52,361.55,79.34,86.63,187.78,26.75,3.96,5.32,146.89,222.94
259.32,280.18,42.84,90.94,143.16,56.65,0.94,91.89,82.48,196.84
288.44,35.2,77.33,13.75,135.5,69.32,2.71,80.0,14.72,157.25
237.37,179.76,37.25,66.73,151.54,3.79,3.0,77.95,39.95,187.59
29.4,194.89,26.11,112.07,186.09,26.93,1.99,35.56,120.8,113.93
131.18,155.85,7.24,48.18,104.28,22.84,0.96,37.02,72.26,113.17
44.25,101.46,11.78,55.74,78.51,39.13,0.82,15.83,143.4,73.86
36.14,321.22,25.56,85.08,126.81,28.7,3.7,66.02,37.62,164.02
173.59,154.78,25.31,5.77,59.11,56.08,2.48,61.5,136.31,153.93
287.16,153.73,79.67,62.8,149.43,64.96,4.65,40.32,32.63,220.25
215.61,342.18,85.6,11.14,113.67,54.69,4.91,54.06,13.01,239.78
89.06,50.17,146.75,72.86,245.69,13.75,3.51,5.67,145.91,118.52
167.54,138.76,53.43,116.03,205.84,35.54,4.18,63.49,25.61,173.37
105.22,345.04,0.6,40.89,67.01,10.7,2.86,71.67,60.55,179.71
285.58,204.15,57.99,26.24,100.54,35.35,1.0,83.09,98.54,182.62
12.1,388.93,89.36,70.67,184.6,37.81,3.58,71.45,83.53,174.16
28.48,332.28,6.49,81.1,105.39,32.43,0.22,56.1,118.07,119.06
218.83,179.17,31.84,40.52,111.95,36.28,0.64,70.61,87.2,147.29
176.0,56.35,12.97,25.06,78.04,44.31,0.85,73.01,31.93,97.79
273.71,41.96,43.85,48.13,114.38,26.7,1.13,67.27,13.71,132.79
179.41,354.03,71.78,78.4,165.95,8.85,4.55,68.74,105.21,241.35
156.12,199.91,25.23,71.22,140.06,27.8,4.13,18.73,126.67,187.29
28.58,210.64,97.82,83.03,186.86,63.11,4.22,52.1,110.11,147.88
281.51,40.99,62.06,32.85,113.52,50.19,2.32,6.25,130.32,160.21
37.21,362.35,84.91,111.0,217.73,34.56,5.0,60.33,16.86,194.41
259.46,50.25,62.43,85.91,150.22,9.53,3.38,57.15,39.77,169.5
170.23,72.86,65.02,78.99,191.56,54.82,4.23,38.6,80.43,159.12
172.52,140.51,46.41,21.65,93.43,35.64,0.46,53.03,157.88,123.01
112.49,103.01,140.91,88.62,258.05,49.0,3.12,88.25,68.91,132.09
80.44,319.72,19.09,6.93,62.7,40.7,3.9,71.37,132.03,184.05
164.48,80.32,95.19,104.98,241.52,1.64,2.88,16.56,13.12,133.49
285.08,278.06,132.27,11.73,144.86,29.28,4.43,77.06,71.86,247.96
293.05,181.78,63.0,85.8,179.97,74.03,2.81,22.72,104.3,210.31
46.23,168.5,44.33,80.14,155.77,39.42,0.59,54.62,7.04,78.6
223.55,190.79,94.24,32.25,132.94,6.53,2.12,42.85,63.79,169.49
54.15,384.65,91.88,17.81,114.16,74.9,3.13,46.68,125.71,178.75
79.9,202.9,58.01,84.06,144.97,46.69,2.87,85.43,19.63,136.38
212.72,333.34,87.21,30.77,120.67,29.7,0.63,98.12,93.38,184.56
268.77,308.28,95.15,87.89,190.49,32.02,4.41,88.64,31.77,253.69
188.97,20.51,87.8,45.18,133.44,65.8,0.71,50.32,7.51,89.7
213.8,207.32,67.09,96.1,210.8,6.3,0.3,42.88,126.55,155.57
269.74,346.69,143.17,113.29,269.81,48.02,3.61,30.77,95.15,257.61
100.39,312.14,140.08,42.21,194.17,28.65,2.6,75.96,75.06,167.7
126.05,59.89,106.23,37.03,187.3,39.37,2.13,7.94,135.95,108.74
252.46,98.81,128.54,60.45,234.5,62.49,1.05,61.22,159.92,153.91
262.54,348.38,117.65,39.53,198.62,69.13,0.92,55.94,32.25,202.76
241.66,216.81,8.11,71.4,116.47,10.03,3.98,62.03,86.41,217.37
217.59,139.11,49.66,5.16,87.64,37.97,1.49,75.53,163.32,153.91
290.12,353.83,132.92,119.69,258.95,30.98,4.92,28.46,178.05,295.0
287.11,301.57,69.25,44.45,121.6,10.07,4.32,26.86,27.45,249.21
291.52,86.04,135.0,30.09,174.56,62.94,2.33,80.4,130.53,178.57
13.66,80.22,81.87,107.26,234.45,70.44,4.01,90.0,44.25,104.64
36.43,205.57,12.42,62.49,115.31,21.87,3.13,62.24,69.4,127.39
19.76,46.83,87.14,81.04,195.94,4.8,4.36,55.67,21.16,97.03
292.09,295.15,52.03,31.95,92.94,8.18,0.69,42.58,5.56,192.25
90.12,21.85,117.78,98.85,229.08,69.88,4.65,59.32,68.74,126.48
46.7,61.57,20.85,92.27,140.77,64.0,3.06,22.91,112.81,99.29
273.16,43.61,8.86,21.19,41.1,79.22,4.72,52.2,168.85,198.92
213.07,118.36,98.48,83.63,230.15,24.94,4.2,80.66,63.0,185.86
78.49,276.76,58.4,38.53,144.27,32.09,0.91,35.49,130.95,129.03
136.11,389.81,43.73,119.4,202.93,55.56,1.06,15.74,38.24,177.54
107.15,57.44,144.59,14.16,192.1,60.24,3.76,22.46,142.44,125.05
203.72,329.7,149.75,79.41,278.02,21.15,4.13,21.78,22.45,226.95
91.45,178.15,15.3,25.39,76.71,30.36,3.61,69.1,143.07,151.0
173.78,200.89,34.21,107.03,157.03,69.8,5.0,24.05,29.87,200.94
293.3,276.52,147.35,62.55,242.89,4.87,3.04,2.46,56.37,229.4
11.86,212.16,52.0,31.58,107.1,49.98,3.4,28.68,98.34,122.62
189.66,200.45,96.23,98.12,232.66,13.33,0.15,68.06,138.24,145.78
209.55,163.24,94.37,10.93,141.32,21.63,3.51,80.67,118.65,183.79
6.96,353.17,45.62,36.62,88.44,68.4,0.78,39.84,9.01,108.98
174.15,106.72,59.07,104.29,187.04,5.83,3.11,35.22,164.24,162.9
30.94,306.16,17.97,84.83,144.94,45.12,3.96,73.36,15.32,160.45
92.02,198.39,119.43,39.06,203.64,60.56,4.25,51.62,40.12,156.05
85.9,64.28,127.5,89.94,245.22,26.84,4.53,10.15,63.69,129.96
271.63,160.49,134.23,36.15,197.06,39.7,3.85,70.17,22.1,202.28
134.17,219.99,95.6,56.71,177.26,23.49,4.47,91.69,10.93,180.36
224.32,319.57,18.08,69.81,117.52,39.39,0.45,21.87,104.66,183.69
269.29,304.42,35.7,74.71,147.46,35.33,3.51,26.82,93.37,241.16
40.57,242.48,100.11,38.36,171.41,13.67,0.66,86.9,64.96,99.4
232.69,38.3,93.45,48.61,172.07,62.01,0.5,71.77,104.17,117.38
151.09,11.43,79.25,92.84,199.84,8.37,1.09,12.34,69.58,88.95
41.96,145.53,14.14,54.21,85.66,57.77,1.62,78.94,141.03,98.84
258.73,32.27,36.73,22.0,94.16,40.97,0.11,26.05,32.78,107.05
92.74,351.45,19.78,69.64,99.99,48.77,4.71,3.05,80.58,206.15
160.59,208.94,97.1,41.77,184.86,17.15,1.7,13.36,69.51,145.74
208.73,81.88,72.13,59.74,147.86,35.43,2.98,84.68,130.31,161.46
89.8,333.48,25.38,102.74,140.16,64.75,2.56,97.29,93.21,177.66
214.27,392.73,80.68,93.94,215.71,23.39,1.34,11.5,130.6,216.31
15.13,326.66,103.14,61.42,181.21,2.56,1.12,36.61,147.52,126.49
24.9,104.26,63.68,22.7,127.57,78.28,4.64,92.53,83.28,119.6
10.31,16.54,101.47,25.97,152.58,39.36,0.46,76.87,40.0,25.08
222.43,250.64,54.15,15.55,110.47,79.33,4.57,66.43,170.94,231.03
74.49,326.19,105.69,78.38,185.49,25.92,3.92,72.19,11.21,178.99
183.72,91.84,31.35,99.0,176.06,15.32,4.51,31.03,55.84,171.95
276.74,248.4,74.58,118.76,217.23,25.16,3.65,47.46,13.42,229.3
37.99,229.17,135.53,106.02,263.39,11.15,3.02,26.57,166.87,144.51
299.96,121.04,4.83,13.6,26.21,48.32,4.72,7.8,134.94,221.29
171.2,217.07,75.21,36.13,140.95,32.58,1.74,78.22,37.85,151.6
124.41,322.65,62.64,81.85,156.51,45.95,0.33,77.77,111.8,152.41
125.17,141.45,136.8,48.78,227.41,75.36,2.38,32.39,127.77,134.15
24.78,41.42,116.92,107.34,236.5,69.55,2.21,89.25,171.68,84.54
200.38,222.12,98.74,112.43,236.55,70.54,0.5,55.53,138.7,161.05
203.92,46.43,23.85,71.82,129.56,59.58,4.95,20.01,145.97,180.01
273.94,13.48,52.54,55.36,110.25,45.43,1.4,52.28,94.07,137.81
168.19,338.8,97.86,102.73,205.16,16.54,2.12,28.09,43.87,191.43
31.81,146.45,32.7,10.54,69.38,44.44,3.99,81.46,111.17,123.84
282.25,168.31,75.02,36.01,111.05,69.85,4.44,86.18,113.3,226.71
164.48,61.94,14.91,83.14,104.91,12.65,0.34,20.83,108.31,98.34
97.42,174.87,43.82,48.6,108.64,50.07,3.15,32.53,104.43,141.99
92.81,329.23,111.55,74.21,230.38,13.13,4.88,24.47,78.61,204.5
285.37,252.07,4.32,87.09,93.88,21.71,3.98,54.92,114.72,245.52
95.1,278.43,95.01,82.83,185.13,58.69,0.2,13.0,124.58,127.28
233.59,110.35,27.37,114.87,176.3,62.71,3.83,34.01,125.86,192.57
22.28,166.73,145.3,24.06,195.91,18.44,2.73,74.57,95.8,106.14
139.36,384.25,119.2,83.71,235.5,20.08,3.51,50.2,85.01,216.87
86.86,332.18,11.03,30.43,73.61,2.62,1.95,88.51,154.21,165.59
281.65,314.0,57.24,93.63,156.98,62.28,0.93,66.46,103.16,214.03
248.87,27.85,98.72,25.99,128.07,36.12,4.15,32.16,64.9,167.01
141.36,312.16,142.16,89.73,247.71,17.71,2.81,6.38,104.24,189.38
61.92,258.87,66.93,110.01,208.09,31.82,2.51,38.05,164.11,153.35
261.73,162.91,131.46,37.22,188.78,79.07,2.46,61.29,32.4,179.26
191.82,79.31,96.77,119.18,237.8,23.69,1.51,24.63,143.16,137.08
6.67,383.3,15.63,23.84,80.03,46.63,1.68,47.1,101.54,138.25
143.25,96.98,102.5,38.64,182.67,72.99,4.99,19.35,139.49,168.01
57.38,87.52,108.05,9.75,131.43,70.49,3.97,79.04,34.83,109.92
262.57,16.62,140.96,102.19,267.99,23.38,3.56,76.83,29.12,166.43
68.48,238.47,48.06,54.79,135.17,53.3,1.07,7.02,129.03,118.37
23.13,318.3,21.33,77.4,108.71,11.31,2.29,55.58,48.52,137.39
27.86,170.3,76.78,12.85,130.73,53.94,4.76,56.91,22.27,130.08
182.53,204.25,127.38,30.11,178.55,41.06,2.4,59.91,99.05,166.86
199.8,57.46,80.78,48.92,163.8,33.63,4.19,68.88,75.74,163.05
85.23,346.27,138.62,98.25,254.81,42.31,0.31,25.62,163.3,148.48
234.76,225.64,104.22,16.38,149.76,63.54,0.34,28.18,27.75,149.5
64.09,208.53,40.25,38.3,85.44,76.64,3.38,61.49,60.4,138.21
113.67,52.26,75.64,50.54,152.02,25.39,1.96,62.25,54.58,95.87
162.74,202.92,1.35,10.06,23.31,17.79,4.45,28.58,93.55,186.23
15.9,312.46,60.0,13.26,78.42,6.5,4.61,10.83,95.19,164.22
73.9,248.87,0.81,52.55,70.63,17.88,4.79,34.61,154.94,182.41
151.33,108.78,47.99,50.2,113.19,23.77,1.04,3.05,107.56,111.69
236.95,279.26,42.59,105.67,171.76,64.72,1.34,38.81,91.62,194.52
74.07,207.64,115.52,14.58,153.04,38.04,4.5,16.87,28.34,150.47
280.67,313.28,10.84,71.64,90.29,60.76,1.53,65.44,142.34,224.17
37.73,255.76,149.32,84.43,245.85,22.7,1.77,49.31,115.68,126.17
119.79,272.11,18.78,64.07,105.02,6.56,1.45,40.95,100.0,150.16
287.79,365.84,121.58,81.71,251.24,54.06,0.17,21.31,55.61,209.53
124.74,84.42,138.93,114.86,286.28,13.58,3.35,34.01,126.61,140.86
236.17,142.04,116.09,14.06,169.36,47.7,4.75,64.51,68.99,200.95
85.72,247.79,96.87,49.89,188.58,35.77,3.98,6.82,146.01,171.58
229.56,337.57,123.34,87.38,242.49,6.41,2.02,22.03,60.72,210.95
170.39,192.87,140.13,92.73,251.87,58.59,0.58,28.49,79.6,135.21
18.14,173.99,77.22,82.73,188.63,22.29,3.47,99.02,139.2,129.04
141.26,251.78,30.01,26.47,94.15,47.01,0.83,81.33,66.15,138.16
246.96,391.3,92.4,43.84,141.33,13.52,1.07,15.45,81.31,213.6
223.03,326.22,107.43,76.74,233.49,6.65,2.54,43.48,95.27,217.09
14.97,154.05,118.26,15.69,155.95,18.04,3.74,20.57,37.52,106.2
154.97,162.69,73.17,37.87,138.46,28.64,3.0,63.69,49.78,151.86
132.64,325.18,135.6,45.94,197.06,37.78,3.02,93.56,66.92,188.98
50.58,289.59,16.61,9.57,29.06,44.1,0.8,6.21,13.58,104.73
59.28,167.32,1.34,18.31,64.61,32.76,1.21,62.13,107.53,96.42
132.87,99.38,38.49,42.47,111.84,3.57,0.21,25.73,62.21,86.25
107.01,288.88,120.47,23.25,190.29,49.38,2.15,71.76,112.09,159.05
67.27,29.3,114.3,54.23,215.59,4.67,4.22,31.14,109.35,112.08
267.48,10.01,84.95,47.38,154.93,41.85,3.23,18.69,160.31,166.27
122.25,187.35,132.17,101.33,277.91,59.13,0.9,84.74,118.2,129.31
112.68,79.45,141.79,26.19,198.27,29.34,4.15,62.12,44.53,131.73
162.66,144.26,112.42,77.7,215.85,34.22,1.09,59.32,122.49,132.33
271.88,296.98,17.78,29.76,88.75,65.91,1.67,71.94,146.56,215.68
295.83,92.66,99.46,16.31,147.6,78.84,4.55,88.17,21.69,203.16
26.67,298.41,114.94,118.0,246.64,17.51,1.12,25.69,61.75,120.0
156.05,241.56,43.27,110.21,199.85,40.55,3.13,94.36,110.26,188.72
11.83,96.03,89.37,90.37,210.54,4.86,2.79,10.11,144.0,93.94
106.86,108.91,114.99,66.2,222.73,20.19,2.76,88.92,162.23,133.32
289.77,147.45,71.29,111.9,201.46,54.25,4.1,14.69,60.14,217.72
68.98,198.34,36.93,24.93,107.92,21.91,0.72,72.15,151.93,105.82
33.15,121.1,56.68,105.94,190.69,15.19,3.02,9.08,18.68,100.09
194.53,265.82,65.18,87.97,190.68,79.54,1.85,46.21,56.94,179.09
197.21,22.23,114.39,19.28,182.95,23.91,3.75,74.11,33.01,139.77
37.3,374.65,37.78,14.95,75.91,4.59,4.35,95.85,112.72,189.53
12.4,163.82,52.44,111.91,206.63,54.99,1.06,99.45,87.1,86.07
29.0,223.13,92.25,29.57,143.16,67.86,4.13,6.4,105.76,141.74
104.86,367.3,1.12,9.54,17.14,76.12,2.65,92.41,102.28,184.08
254.14,129.68,105.45,81.55,224.11,19.86,4.91,60.52,81.88,214.39
67.17,397.75,23.1,17.94,88.22,4.92,4.45,60.88,99.75,204.51
59.53,58.6,130.77,15.59,183.2,41.43,4.43,52.71,145.23,120.65
278.71,382.38,71.7,99.99,174.89,57.79,2.54,92.23,124.22,258.28
16.15,399.3,128.54,108.0,268.83,19.36,2.45,67.96,27.16,159.14
78.31,198.78,54.27,87.84,186.55,60.98,0.47,31.51,12.37,95.75
34.86,166.14,134.81,8.34,175.16,48.12,2.65,77.26,104.84,108.67
198.21,14.73,41.02,114.54,178.27,35.14,3.39,29.31,146.46,151.47
201.48,113.65,97.5,98.66,208.89,57.95,0.23,48.23,164.47,131.1
41.08,231.61,53.93,22.58,123.07,32.56,3.66,13.25,77.09,137.81
111.16,308.82,2.12,22.77,71.03,38.82,1.4,41.79,48.7,146.35
21.09,18.07,129.82,69.43,247.39,79.11,1.27,54.26,134.19,54.02
205.79,89.97,10.88,30.44,42.33,59.13,0.93,14.74,99.91,122.24
65.88,232.03,51.24,61.61,161.57,25.93,0.54,92.91,161.91,116.16
10.97,58.45,34.39,62.86,143.15,23.62,1.42,60.62,54.82,54.55
247.02,54.45,94.32,92.78,188.85,6.23,4.19,33.86,25.01,176.39
280.37,214.86,59.68,75.77,156.06,50.73,2.23,82.54,114.95,208.49
141.17,196.43,88.34,85.04,204.8,19.8,4.78,88.14,27.2,185.85
286.57,352.44,148.6,97.27,285.06,60.42,0.94,35.45,5.24,214.53
83.21,91.09,139.39,119.87,269.04,79.34,2.3,3.56,139.2,112.48
184.3,281.15,65.63,74.25,179.36,75.52,2.8,96.03,49.73,193.99
63.92,396.66,143.93,110.77,289.68,36.93,4.57,90.65,148.51,220.55
246.19,311.1,104.99,15.81,130.4,32.43,2.76,45.94,15.1,210.73
179.91,142.81,73.49,45.19,168.13,1.73,3.05,21.16,178.41,167.84
85.47,21.13,134.36,117.22,285.81,38.45,2.78,94.88,25.03,95.87
67.76,392.03,25.37,88.01,141.19,18.39,4.51,19.96,80.01,207.17
52.37,363.16,31.43,101.56,163.17,53.18,2.51,37.21,63.94,165.18
82.07,189.78,0.88,59.5,76.12,68.26,2.28,55.03,176.62,136.73
229.63,182.41,108.81,86.1,219.94,14.01,4.16,37.49,48.22,203.68
104.07,318.88,117.52,85.62,245.86,41.64,2.85,7.6,99.38,177.77
240.03,296.34,44.07,12.6,67.11,38.37,0.33,48.48,150.24,181.75
264.81,58.13,112.04,46.25,207.65,58.08,4.09,44.13,20.43,177.44
252.47,190.62,102.7,21.7,131.15,46.03,4.6,65.93,54.43,215.93
261.04,45.02,24.09,15.77,67.11,69.77,4.9,95.94,7.57,183.25
206.85,156.48,3.42,80.13,109.69,8.06,1.65,62.27,110.87,158.48
242.2,188.48,4.98,118.24,161.65,28.36,4.04,7.32,161.17,220.8
102.22,367.87,128.82,110.11,254.76,60.81,2.04,82.52,161.65,189.65
133.42,47.68,85.58,107.88,240.64,24.92,1.62,4.17,60.11,99.92
64.94,210.47,122.61,40.96,179.75,73.0,3.8,89.35,152.53,156.16
73.15,283.73,58.14,33.64,122.95,69.7,1.6,4.89,39.26,128.07
161.54,103.27,24.29,96.23,164.55,49.09,4.58,75.94,173.82,181.86
269.06,188.81,54.58,54.6,144.37,8.4,3.68,72.81,47.61,210.44
171.89,52.72,9.99,96.68,138.97,53.73,2.51,81.36,142.48,138.98
127.47,78.93,71.74,50.18,129.58,79.27,0.71,21.38,137.42,94.83
290.13,369.02,58.67,31.79,122.01,60.34,2.88,32.5,169.53,258.76
8.8,274.35,107.14,18.07,144.43,68.47,0.59,40.98,11.8,85.55
126.98,174.88,70.34,57.51,158.44,35.73,3.71,93.6,101.18,164.36
83.6,313.39,95.65,28.78,169.39,77.41,4.31,76.78,94.05,188.38
133.08,382.62,77.93,31.62,121.59,52.97,4.74,72.87,170.71,237.21
20.47,287.6,83.19,12.05,126.21,4.16,3.75,49.98,67.86,145.8
63.07,397.16,25.4,62.23,95.34,65.73,2.72,39.1,132.9,183.63
222.31,120.16,56.13,52.22,143.74,39.16,4.11,39.46,98.97,186.59
178.48,379.87,65.71,112.54,223.19,20.06,0.5,3.75,44.92,180.87
48.92,355.5,12.02,108.38,149.05,66.56,4.58,39.71,136.2,201.14
61.5,116.63,84.54,16.63,108.11,49.74,3.51,21.77,6.11,106.69
145.44,114.62,75.55,70.36,192.69,24.63,4.5,39.99,102.99,166.39
44.51,335.37,78.5,116.74,228.75,39.96,4.97,59.5,129.95,201.61
213.93,380.31,131.1,101.87,277.11,38.89,0.45,86.74,126.33,203.86
151.02,350.9,94.05,51.77,158.57,30.7,2.34,4.65,42.68,185.36
275.46,116.52,116.58,110.66,240.1,70.31,0.6,87.93,123.89,162.39
153.65,235.44,70.3,54.07,136.29,56.42,1.68,95.12,123.4,160.34
48.81,93.78,78.9,67.3,171.93,53.01,4.71,82.44,167.8,138.81
93.55,171.26,20.01,77.97,121.62,58.44,4.27,18.74,165.04,164.85
51.63,184.76,122.94,11.38,162.03,6.19,1.79,87.08,111.93,107.8
46.99,90.92,80.25,109.54,225.4,42.15,4.48,8.49,156.13,133.37
284.26,114.23,60.41,38.19,105.93,13.53,2.18,82.31,111.63,179.85
234.43,90.5,24.75,112.55,144.15,42.18,2.64,43.43,42.3,161.93
41.48,351.94,134.98,86.87,267.96,5.76,0.33,60.51,26.59,121.82
12.4,14.84,130.84,24.89,164.04,9.85,1.28,89.29,153.2,49.52
281.17,280.19,88.95,58.39,168.8,75.22,3.03,3.51,168.6,236.78
244.43,341.94,120.22,100.13,240.47,73.32,4.82,21.52,115.55,265.98
67.66,340.92,101.83,91.77,227.52,68.29,2.55,70.36,120.22,171.88
67.07,300.18,92.99,111.7,249.61,25.38,1.07,9.61,32.8,129.5
97.67,157.94,146.44,30.11,204.3,20.05,3.17,33.3,25.48,128.44
46.25,178.72,1.93,92.26,104.98,60.07,1.3,2.34,143.59,104.07
118.72,186.78,50.49,104.19,182.82,57.34,3.1,42.49,92.88,156.58
226.57,134.43,97.76,80.41,182.47,16.08,0.13,9.73,133.16,136.7
247.12,386.38,44.4,89.11,162.14,34.25,2.41,85.92,33.21,235.76
162.45,14.09,110.99,103.92,218.24,7.51,4.36,30.74,166.85,154.39
261.92,43.96,19.29,83.73,140.15,48.75,0.87,50.96,154.59,142.09
120.36,259.81,137.54,14.61,201.3,73.92,1.61,36.03,107.71,145.26
288.43,170.42,135.85,62.2,225.03,70.64,2.67,14.4,77.66,198.31
200.74,372.34,135.03,97.95,238.76,6.73,3.56,46.45,55.7,234.43
65.76,323.2,103.79,6.28,120.3,75.64,3.26,79.32,84.96,165.81
36.94,123.39,11.29,117.56,139.09,8.55,0.78,32.31,6.36,69.48
201.22,342.35,8.18,45.9,92.03,59.12,4.54,85.07,111.4,244.1
227.84,397.77,38.06,98.79,179.02,57.26,0.19,22.43,135.47,206.58
127.61,345.35,16.88,45.21,86.76,40.07,3.26,42.73,93.68,195.93
212.0,175.47,60.22,112.82,195.46,19.3,3.32,68.93,89.93,191.59
20.3,217.57,53.94,64.88,132.83,28.42,0.26,60.5,136.91,88.6
214.19,208.68,59.62,81.82,145.65,2.09,3.75,80.25,138.89,209.47
121.1,20.9,60.92,73.29,163.04,39.9,0.21,40.32,98.74,69.98
275.83,264.16,28.9,38.69,77.1,60.15,0.52,29.66,98.08,185.54
231.54,350.49,143.86,28.99,220.6,56.21,2.56,28.95,33.09,214.72
285.25,249.25,108.88,45.23,180.27,34.7,3.66,62.39,56.95,230.39
46.49,269.43,142.27,100.2,292.47,42.44,1.56,72.23,12.99,121.96
193.25,138.68,89.07,5.72,132.46,44.94,4.9,59.1,140.05,193.34
51.37,45.26,82.35,27.16,124.11,64.37,0.44,58.09,170.13,58.53
266.32,132.87,101.12,94.86,238.29,6.31,4.27,16.23,36.35,204.41
187.79,46.75,37.13,31.21,73.01,43.03,3.06,59.91,85.57,137.99
183.81,98.66,29.72,94.7,163.95,47.45,2.32,84.36,25.65,140.05
10.5,245.54,118.77,116.53,257.69,66.35,4.98,24.13,86.07,161.23
84.49,149.2,52.83,30.0,127.17,20.74,0.21,15.2,120.32,85.81
228.98,62.92,7.02,9.29,58.1,12.98,0.56,92.73,69.33,116.77
266.73,249.21,122.56,105.57,275.19,61.46,0.65,73.82,158.27,195.48
29.44,170.61,80.3,28.61,144.51,52.29,1.3,6.22,95.04,85.13
104.36,254.72,61.95,112.65,187.63,25.27,4.87,30.31,57.03,191.74
44.77,340.26,144.95,109.26,285.67,1.53,1.34,54.48,74.33,141.92
205.21,320.11,67.57,82.89,172.72,28.27,0.77,3.64,121.64,184.04
209.71,235.28,28.89,26.21,76.74,61.34,4.09,70.87,179.02,217.63
102.34,238.4,68.79,90.9,187.05,73.55,2.73,52.59,58.41,153.93
242.71,117.69,110.51,95.6,206.81,28.01,4.7,65.95,48.5,202.58
44.09,25.02,18.83,115.61,151.59,49.06,3.2,19.66,113.5,93.58
263.1,311.04,30.82,102.54,174.64,29.13,3.02,19.8,48.61,231.25
141.02,265.73,117.94,115.25,276.2,62.65,4.12,70.39,62.82,198.92
183.52,180.99,96.3,109.79,220.04,28.89,0.94,53.05,56.69,142.88
240.78,20.02,84.94,35.62,141.75,53.87,1.94,87.76,150.56,141.38
15.96,162.78,51.21,24.63,103.94,56.05,4.64,6.73,48.66,123.55
227.73,314.55,15.85,115.4,132.14,79.03,0.91,2.93,54.11,189.09
252.89,178.65,2.37,107.0,145.68,5.6,3.5,88.72,47.51,205.56
16.19,118.35,69.26,54.47,147.19,45.93,2.38,85.84,64.65,87.16
162.8,396.95,90.84,17.23,124.31,14.19,3.21,82.78,97.24,219.95
78.12,150.99,55.32,43.63,135.4,32.44,0.19,58.2,51.12,80.32
176.92,358.85,130.92,100.54,262.6,77.18,4.81,96.94,103.36,249.02
17.11,340.96,52.61,52.59,106.03,24.86,3.2,61.66,168.53,164.42
133.78,55.96,88.41,60.74,187.53,70.35,3.36,89.56,154.99,137.26
214.49,188.79,50.37,76.83,161.6,19.65,1.41,46.88,16.65,155.11
154.05,352.09,72.57,79.13,168.04,73.87,0.69,21.48,172.41,178.52
50.33,309.12,102.66,49.68,160.39,55.18,1.11,48.26,83.81,127.31
215.23,309.7,32.54,36.6,77.25,57.6,4.37,53.81,171.15,241.77
297.04,319.41,25.03,19.78,88.2,70.75,2.58,59.91,167.67,244.26
71.71,72.23,33.99,57.77,128.17,66.38,4.89,32.27,33.17,127.21
149.08,381.08,79.77,62.67,152.86,41.52,0.11,55.32,93.96,167.53
217.3,303.73,35.89,21.92,74.07,35.79,3.86,10.11,70.07,219.59
270.65,145.84,55.48,105.98,179.8,13.88,0.18,82.95,173.37,165.97
55.41,207.73,50.54,85.35,172.85,40.75,3.19,21.44,93.34,138.12
55.88,35.55,71.81,6.44,116.06,59.35,3.16,29.79,48.26,82.81
101.87,39.9,106.51,11.71,131.02,61.83,4.16,72.16,18.91,114.7
288.93,369.52,96.28,26.69,137.65,5.7,4.61,45.6,144.29,282.03
98.28,32.25,122.04,68.53,231.82,28.29,4.53,76.39,53.09,126.39
49.03,348.34,136.49,18.59,168.61,11.72,3.51,55.11,8.05,162.31
90.92,77.8,9.78,58.2,88.41,76.67,0.77,90.99,117.43,84.93
266.77,163.84,74.74,24.73,135.93,37.95,2.99,7.81,116.55,193.7
273.91,340.73,104.96,24.51,143.91,4.18,2.27,6.75,28.14,220.7
281.21,301.25,9.91,34.31,67.27,27.93,2.27,76.28,52.09,220.24
36.31,201.25,35.85,113.07,181.5,28.23,0.26,23.07,146.09,93.99
239.24,396.42,55.71,71.37,137.23,44.68,1.39,43.21,138.21,226.81
113.88,17.07,108.1,87.08,236.35,42.54,4.05,59.2,73.95,123.94
186.92,236.23,17.83,41.48,95.03,53.04,0.26,15.0,5.22,133.8
229.58,64.78,93.59,63.49,198.76,38.83,1.56,46.67,94.43,138.07
66.55,247.61,56.86,9.86,70.38,61.74,4.71,44.89,22.0,161.28
112.82,315.25,38.81,10.37,51.39,45.4,1.15,74.98,138.39,154.17
101.8,92.9,102.83,98.85,234.41,42.44,0.37,46.13,13.57,77.95
212.81,362.65,1.89,59.66,86.67,24.52,4.77,89.43,88.74,256.01
242.62,244.93,133.06,56.37,221.4,75.43,2.92,75.08,137.91,213.13
92.07,105.14,27.92,102.99,143.78,25.82,0.86,52.85,43.44,88.7
129.91,220.13,5.82,45.13,77.46,8.95,0.99,87.63,159.74,140.22
82.89,110.26,43.25,68.43,113.18,46.9,2.42,15.21,7.94,101.27
8.19,196.48,146.61,51.99,205.73,9.58,2.61,86.88,126.79,113.36
200.28,316.54,32.97,17.32,56.34,43.24,1.72,54.2,35.09,182.98
68.23,295.03,87.0,118.93,240.5,9.65,2.45,75.6,162.81,166.34
216.58,329.54,106.66,37.87,146.41,25.08,2.68,90.04,112.48,217.93
294.2,95.08,115.22,16.65,172.4,6.35,4.98,83.82,63.79,213.67
255.86,160.71,11.76,111.01,163.74,59.97,3.7,37.95,127.69,211.0
128.28,93.9,146.83,54.59,233.57,48.8,3.32,68.45,94.59,136.51
256.31,70.36,140.01,96.36,261.86,46.61,3.94,17.42,149.47,191.85
11.82,49.31,118.75,82.06,205.44,17.46,2.46,90.65,123.71,78.47
224.33,305.82,111.71,61.0,179.09,4.21,2.21,49.87,139.63,210.68
28.79,13.15,6.13,70.94,118.12,5.78,4.32,97.83,138.62,104.01
196.25,310.2,58.24,34.26,93.42,52.89,0.78,98.45,133.49,179.63
214.61,59.33,84.01,84.82,171.42,43.3,0.44,65.27,77.56,116.05
81.63,73.79,25.82,63.6,103.89,19.58,3.21,27.38,18.71,104.77
270.22,225.32,25.53,42.1,105.55,40.79,2.48,12.33,146.51,207.58
146.09,246.35,59.09,35.57,139.4,64.39,2.81,15.19,81.07,167.29
183.42,41.05,59.11,22.49,88.37,52.78,0.55,41.27,95.26,96.55
169.23,80.72,111.09,108.02,256.23,47.47,4.87,5.36,35.48,167.08
53.24,220.23,133.07,34.0,184.77,11.84,2.08,40.65,6.56,110.98
196.28,362.23,126.34,75.9,212.91,40.68,3.85,36.96,141.16,240.56
149.02,261.2,2.0,102.21,106.82,72.53,1.74,57.94,151.29,171.8
203.68,335.43,80.03,33.61,160.91,19.73,4.99,19.5,148.2,249.15
238.35,170.32,137.49,52.39,202.35,14.97,4.75,60.37,32.51,208.76
89.39,69.35,81.59,49.8,169.61,47.13,2.11,57.68,113.19,99.46
219.26,66.09,101.32,118.24,257.2,11.42,1.43,35.11,99.49,138.24
108.39,339.48,25.43,95.95,161.29,73.14,4.87,77.09,69.32,216.24
74.44,148.57,36.22,96.33,149.79,60.61,4.61,98.85,102.32,157.15
287.64,301.78,97.77,14.28,130.41,6.52,3.2,80.17,132.51,242.81
58.22,243.93,47.08,8.63,72.78,34.17,0.21,18.25,74.2,93.7
96.92,66.9,142.93,97.5,278.43,77.68,2.18,49.47,92.6,104.83
171.9,168.87,119.21,42.04,202.28,64.46,4.99,46.98,159.33,199.72
266.18,131.8,122.77,34.45,192.34,23.93,1.48,90.43,100.99,166.38
38.99,375.51,116.17,34.51,154.59,61.65,1.76,43.08,97.25,149.25
191.93,259.08,114.37,24.61,139.41,19.4,4.7,68.55,76.47,215.98
39.15,322.51,100.54,103.18,252.26,20.42,1.63,58.8,10.17,133.05
180.54,269.98,6.79,11.52,62.79,67.67,0.43,91.51,177.94,160.66
219.71,19.96,22.57,78.81,107.08,39.74,4.56,33.97,94.52,169.32
40.18,21.31,140.12,119.06,280.06,17.61,4.58,66.89,167.63,120.1
222.72,124.68,60.06,81.99,149.21,3.32,1.46,88.65,147.16,158.37
111.04,241.51,62.19,47.55,157.41,67.52,2.2,25.35,116.08,149.87
200.39,39.73,1.35,75.1,113.11,64.37,0.76,81.73,84.02,111.47
252.03,118.83,25.89,80.86,122.51,38.24,4.69,4.2,124.57,209.02
249.4,340.46,35.06,8.97,45.31,65.59,3.85,27.31,62.86,238.7
213.7,334.07,129.89,31.23,179.38,41.16,4.72,27.55,153.96,249.01
131.67,251.94,139.72,114.82,258.99,42.29,1.24,12.7,127.98,152.58
297.21,111.9,111.7,35.9,181.07,31.4,2.85,80.12,42.84,186.63
73.7,119.79,38.53,69.25,123.85,75.25,3.03,69.58,55.87,117.18
242.99,352.38,95.03,19.29,123.47,65.03,4.43,59.2,76.89,252.17
156.75,174.15,98.38,13.46,114.04,33.37,3.42,3.46,49.25,156.14
49.42,398.29,53.94,89.79,174.04,45.81,3.67,42.57,64.43,189.47
7.92,252.37,26.64,20.64,77.51,5.47,1.38,24.98,97.12,99.59
148.16,265.4,23.39,47.0,80.66,36.95,4.93,95.59,103.28,211.96
213.4,285.26,45.6,40.8,88.31,12.03,2.64,25.84,75.92,198.57
56.44,21.47,93.13,113.83,212.06,68.21,0.87,60.2,50.56,57.62
177.14,296.52,7.61,31.46,88.71,57.29,1.38,87.87,76.74,172.04
158.85,50.95,22.21,26.1,58.23,34.56,2.95,52.76,7.5,118.58
83.96,389.31,80.12,70.97,161.92,10.97,3.58,17.22,167.77,205.15
80.49,136.23,90.43,108.73,240.58,69.19,0.16,98.11,107.38,91.15
30.72,232.15,41.89,104.36,193.65,26.89,3.69,95.92,155.46,154.92
147.54,180.35,22.16,105.47,140.73,12.06,2.73,40.16,20.83,152.31
247.56,90.55,101.35,45.82,189.63,9.76,1.27,17.63,104.47,144.24
94.19,212.08,143.52,34.89,217.8,76.28,3.31,77.69,87.77,151.79
230.97,100.27,45.64,43.72,124.59,20.69,2.49,77.99,179.28,169.46
166.03,164.75,109.3,41.85,155.06,39.52,4.11,10.92,57.55,171.43
141.77,52.07,148.5,117.51,266.73,2.73,3.55,52.84,59.86,136.27
192.47,136.91,97.18,14.9,116.54,42.79,4.38,3.04,90.94,178.03
93.35,195.29,122.23,25.67,173.81,67.44,0.95,82.81,52.82,107.73
175.64,373.87,17.62,27.66,67.23,45.99,1.18,7.21,161.54,191.92
241.11,314.68,142.23,64.67,221.5,35.26,3.49,22.44,14.13,224.41
241.47,398.36,64.97,102.6,216.99,21.29,3.24,59.42,27.55,248.69
26.96,253.44,22.48,114.56,170.53,26.04,2.45,76.81,78.21,132.66
210.82,28.2,55.81,57.61,127.72,77.08,1.29,16.06,169.04,123.65
129.88,354.16,138.34,83.35,242.84,4.11,1.8,20.4,98.29,180.18
143.76,143.43,67.06,42.01,141.33,44.14,4.13,29.21,77.37,161.52
42.99,262.99,47.32,89.11,179.94,19.75,2.47,8.48,12.91,128.47
257.02,371.56,137.2,117.37,260.5,12.96,1.25,31.42,122.07,227.11
193.48,385.72,3.66,41.61,61.65,40.63,2.8,6.14,179.23,228.54
21.85,343.31,38.52,5.13,64.32,3.39,3.59,38.76,94.6,159.24
280.97,25.29,67.09,71.11,157.14,28.55,5.0,11.86,117.32,199.1
126.57,253.98,97.5,73.02,205.78,29.05,3.4,85.43,119.25,182.29
5.12,128.02,123.11,61.16,224.43,21.65,2.86,75.9,98.34,96.44
247.01,113.02,104.2,24.27,164.17,73.78,1.22,32.93,10.23,138.1
239.55,242.56,7.6,5.02,51.51,10.28,3.69,52.46,69.64,209.92
277.8,26.31,49.98,63.54,131.78,25.65,3.0,60.05,125.35,170.7
231.51,127.24,5.44,78.46,84.27,14.06,1.19,53.0,99.39,151.12
205.84,335.79,63.97,69.38,169.34,38.28,2.5,92.7,62.35,211.3
40.91,51.3,1.46,48.03,65.98,60.39,4.25,6.1,128.13,108.81
213.37,281.71,149.89,93.1,254.04,47.6,4.01,23.67,49.05,220.66
281.55,207.87,124.26,27.38,169.6,64.75,3.35,6.79,158.19,219.66
296.24,232.27,93.49,16.53,140.1,71.76,2.12,69.35,10.46,199.72
232.75,128.06,144.47,53.32,244.04,34.38,1.2,37.09,122.66,150.93
271.54,250.08,77.53,37.51,123.33,30.91,4.25,91.89,170.12,246.67
250.39,388.88,125.5,119.0,294.27,28.77,0.28,22.63,107.75,212.86
26.94,369.93,66.6,117.91,226.77,28.33,2.82,78.53,65.03,166.43
279.63,110.79,37.59,77.94,129.11,36.94,0.9,65.11,90.87,159.2
198.1,73.45,17.75,63.51,97.91,48.95,2.52,76.95,9.52,136.65
33.98,301.69,107.1,13.09,166.6,18.15,1.77,62.6,54.37,123.74
280.88,42.36,60.62,87.86,161.84,21.24,1.73,3.09,16.89,145.48
116.32,326.71,30.29,20.97,68.33,11.57,0.65,49.71,152.41,151.96
93.27,202.67,104.05,36.8,177.54,59.54,4.41,12.1,19.74,155.72
46.85,334.22,140.07,115.74,304.28,28.28,1.22,67.25,177.24,150.91
252.12,76.85,40.37,10.92,53.12,55.76,4.56,53.7,52.9,184.92
218.59,261.08,108.77,108.34,233.73,32.09,3.13,8.76,127.48,212.75
222.09,395.35,15.35,111.59,147.51,11.11,0.95,49.8,27.37,207.21
211.65,399.6,79.06,91.62,192.66,3.09,2.43,44.02,17.97,223.59
127.61,82.63,116.47,8.5,139.7,13.48,3.82,23.98,176.07,142.28
97.37,60.75,96.42,26.12,148.01,35.35,4.28,73.88,144.69,134.24
187.08,83.43,87.16,94.6,185.45,48.73,1.56,36.83,76.23,128.66
114.75,134.41,118.71,56.28,190.53,76.25,4.89,82.53,145.34,171.4
115.52,269.2,48.56,42.17,98.6,8.44,4.55,85.9,13.2,185.81
283.99,286.44,13.44,51.1,85.53,55.47,3.41,75.19,131.96,244.22
278.33,14.68,92.38,47.1,184.94,49.69,2.84,40.93,56.43,156.08
199.16,118.48,80.83,112.03,233.39,12.78,1.79,87.25,106.54,152.4
110.26,107.24,88.52,102.7,194.35,50.48,4.19,33.73,39.38,144.15
24.09,244.38,142.93,79.53,230.64,79.5,1.86,89.46,106.39,120.49
44.19,159.18,147.37,6.31,163.34,35.56,2.93,15.8,152.09,115.84
28.91,89.5,103.74,25.45,139.45,63.06,2.05,46.52,66.95,74.81
280.58,106.42,36.77,105.72,178.54,44.03,0.99,41.14,99.62,162.25
88.8,226.26,45.95,40.75,103.45,2.54,2.55,26.35,123.43,143.63
75.75,52.91,77.87,84.58,183.99,38.44,3.14,45.86,119.5,109.54
197.44,226.48,59.85,115.14,191.65,26.48,1.16,43.54,66.8,163.5
54.7,388.4,56.63,74.97,159.28,28.15,0.18,28.85,8.69,128.75
103.77,177.01,147.48,6.4,182.65,33.72,2.29,11.72,120.95,128.24
225.99,107.08,121.37,80.89,224.94,79.93,2.34,40.85,66.49,157.75
34.28,51.92,21.48,111.79,137.74,59.45,4.85,56.0,84.12,120.12
107.33,259.75,75.48,22.81,112.55,64.6,3.19,77.29,76.01,164.1
253.01,298.76,127.99,25.95,177.42,11.32,4.27,19.42,44.39,235.3
56.01,270.71,67.61,80.27,150.55,44.12,4.23,60.55,148.52,176.64
73.73,384.81,94.21,72.48,170.1,1.8,3.5,37.85,130.93,196.74
242.71,158.08,82.86,85.61,169.64,52.36,4.8,38.77,121.26,219.09
140.59,244.5,146.73,22.0,180.65,2.95,3.62,42.31,169.26,185.87
42.41,187.88,143.0,76.99,227.37,77.86,1.18,27.22,40.33,92.61
48.92,290.54,52.52,10.65,75.33,1.61,1.37,43.42,79.91,121.53
266.65,342.78,34.22,67.08,106.31,66.34,0.4,22.08,176.72,210.51
111.06,263.96,115.82,20.27,143.44,12.86,3.21,3.31,65.93,161.8
88.42,252.7,14.45,81.8,132.24,70.25,4.75,23.33,32.51,177.97
65.57,233.26,46.05,36.01,89.04,42.22,2.68,5.27,23.63,127.69
159.69,191.44,82.66,39.72,130.25,28.86,1.11,69.7,59.54,133.81
240.7,91.52,31.28,65.62,125.69,29.7,3.67,13.2,116.62,181.06
42.04,136.8,17.39,31.99,78.91,57.91,4.82,2.36,123.23,136.85
196.25,12.91,135.97,111.18,250.92,8.8,2.43,77.53,46.42,128.0
193.4,390.14,9.94,8.94,41.95,11.47,1.21,23.96,109.76,196.44
264.84,132.3,128.53,88.23,237.38,58.19,1.28,39.69,149.11,170.69
164.5,361.8,107.81,41.54,167.03,19.52,2.69,40.34,58.45,200.39
85.44,90.6,143.7,41.73,188.46,10.24,0.44,3.56,62.74,69.78
121.09,15.03,90.33,73.45,186.95,67.52,4.84,96.79,156.11,146.53
41.61,25.8,26.68,29.42,74.33,50.84,3.69,58.83,70.13,89.26
229.8,187.34,18.22,44.08,64.22,34.0,2.71,25.93,95.55,183.17
256.99,108.83,32.67,62.77,107.04,46.34,0.79,10.12,145.28,150.31
263.94,17.4,28.97,103.4,168.86,27.42,0.66,11.3,130.8,130.61
182.37,195.7,125.01,22.51,197.13,32.73,4.15,52.13,91.05,188.97
152.52,50.45,42.43,67.91,149.8,78.89,2.7,61.99,154.55,131.84
156.09,270.01,73.8,85.02,168.06,34.94,1.85,81.47,164.58,178.92
104.51,180.16,37.31,79.86,128.17,68.49,4.69,40.48,115.87,173.57
120.51,53.6,102.73,104.25,231.17,32.71,1.27,38.3,25.94,89.56
193.05,145.7,25.85,81.04,133.04,52.71,4.96,64.26,48.31,194.54
88.87,286.07,90.06,113.42,221.48,8.03,4.99,55.41,130.49,204.63
25.23,158.58,68.29,82.56,194.72,30.33,2.7,88.88,63.23,108.0
183.31,302.02,58.21,99.35,206.51,17.45,4.17,68.06,45.32,220.08
178.21,157.21,52.66,72.6,168.77,23.97,0.65,56.08,36.34,125.12
107.69,324.17,66.29,96.42,201.69,76.27,4.08,54.74,31.61,195.47
73.84,242.04,54.7,98.06,186.15,13.34,0.66,74.55,123.9,122.18
191.7,248.43,124.12,57.9,208.66,45.6,1.52,74.59,101.21,171.64
139.76,329.5,117.32,15.11,169.14,57.85,0.48,13.99,42.29,144.93
73.93,155.5,142.79,26.57,176.97,47.03,0.3,15.0,99.67,82.62
108.35,82.12,80.16,88.58,171.73,57.18,1.92,93.1,146.31,115.4
160.95,399.39,144.9,99.09,256.26,37.27,0.53,71.96,95.45,187.18
60.63,240.76,70.74,14.39,105.41,40.7,2.81,83.75,85.29,137.72
256.48,150.87,138.87,46.23,199.3,24.5,3.03,69.48,45.25,185.56
80.64,92.36,140.7,64.48,217.53,43.21,4.47,22.56,118.15,137.75
147.59,11.22,91.33,28.34,123.82,53.89,3.86,31.98,38.83,120.68
267.4,348.08,142.91,100.26,250.18,22.27,4.02,2.97,27.62,253.85
42.26,244.19,82.15,72.59,162.96,59.48,0.57,68.45,64.44,101.51
100.85,150.45,144.3,111.91,294.84,48.22,3.54,91.22,170.17,158.78
221.44,376.83,3.08,63.2,103.71,55.84,4.78,97.08,105.68,265.15
123.32,353.99,143.02,33.73,181.48,72.29,3.9,46.22,74.48,203.29
236.76,138.46,22.51,48.21,120.4,60.79,4.71,11.78,115.41,205.08
179.34,362.9,40.57,30.14,112.05,6.8,0.5,71.14,151.83,182.75
64.09,345.51,18.47,88.11,149.21,7.29,2.54,83.31,31.79,163.06
244.53,21.67,108.54,31.17,143.33,38.07,2.09,45.04,104.53,138.17
160.56,155.43,50.55,96.52,155.59,9.85,3.08,63.99,16.07,155.71
236.69,284.6,76.19,51.19,171.95,20.43,0.34,64.39,168.15,184.25
189.94,232.98,71.16,74.74,170.23,49.92,3.88,43.1,144.83,207.04
173.61,208.98,42.69,37.04,96.73,22.1,0.88,60.43,85.82,141.52
220.69,291.39,142.06,25.17,198.25,53.66,4.34,52.42,115.69,231.9
131.0,326.11,16.75,84.5,101.73,17.6,2.07,76.23,100.12,180.7
33.05,36.29,89.74,66.75,197.7,24.18,1.2,31.82,148.01,61.71
196.5,275.49,81.5,21.43,139.11,51.19,1.51,10.15,77.68,170.72
204.29,199.38,104.22,115.77,224.32,57.79,4.04,18.33,104.47,204.89
269.07,185.69,28.98,48.78,94.02,38.04,2.05,31.66,13.73,179.18
292.45,300.77,72.77,90.09,196.37,30.56,0.53,98.06,146.13,214.02
188.02,248.17,4.02,71.19,104.75,19.38,1.75,65.92,123.51,176.87
226.83,57.74,7.06,48.59,101.91,74.03,1.03,56.57,111.58,128.12
219.68,146.42,7.74,101.49,131.53,43.31,2.74,53.92,16.61,169.1
197.3,157.47,1.57,9.2,36.47,41.26,0.77,65.64,42.73,128.45
197.28,308.36,143.88,41.92,200.21,5.19,3.86,6.15,92.7,217.81
52.07,354.72,86.02,30.87,131.86,67.6,3.77,19.13,68.14,174.31
272.48,51.71,34.05,31.57,99.53,15.47,2.16,40.29,80.49,153.92
263.61,152.36,113.97,30.89,173.34,21.01,3.65,46.32,86.88,199.2
169.11,258.38,118.73,31.05,194.18,41.18,2.09,45.68,138.72,174.39
241.24,233.31,17.44,31.69,73.1,46.01,4.97,81.86,69.18,231.49
140.6,35.49,88.1,85.99,181.42,73.55,1.84,21.55,124.91,107.85
41.43,140.81,115.62,78.12,196.29,35.49,1.04,38.31,106.38,85.67
10.96,112.97,86.83,57.71,175.55,35.84,2.8,61.24,179.64,100.88
294.06,340.12,59.4,77.23,157.04,44.85,4.42,7.32,159.17,278.26
134.43,73.76,58.6,7.49,103.33,65.7,3.41,63.76,156.83,136.26
66.17,324.82,74.13,18.37,108.81,53.27,1.44,24.0,76.17,136.62
195.14,313.87,37.91,17.46,87.0,41.72,1.39,85.94,27.67,176.43
169.91,345.26,13.56,69.88,93.22,14.42,4.76,13.46,45.28,229.37
168.21,81.77,15.64,69.34,116.43,77.8,2.68,72.93,127.92,142.89
84.02,255.27,80.22,114.89,221.74,57.47,4.52,95.21,93.57,186.63
29.76,343.29,114.98,57.46,173.83,63.26,4.67,74.26,152.51,191.0
203.44,348.26,142.18,96.08,246.89,39.11,2.83,27.34,47.93,216.49
165.08,158.42,19.22,61.29,85.69,69.59,4.43,35.84,98.32,181.59
99.61,106.14,10.37,107.97,157.2,1.27,4.28,5.22,160.64,152.72
135.18,64.04,5.78,8.43,50.89,32.91,0.35,32.29,164.21,87.45
295.95,162.98,121.41,9.23,139.07,6.74,4.97,25.82,122.21,233.31
266.15,224.77,31.16,103.35,150.19,78.96,3.76,14.06,125.8,229.36
35.32,374.38,28.51,108.7,162.26,35.47,0.86,25.58,37.2,134.73
298.83,376.85,59.55,87.48,188.92,1.15,1.4,12.99,73.47,236.55
115.53,87.21,75.56,47.92,131.93,50.94,1.59,49.2,8.09,94.15
8.35,123.44,94.05,47.75,177.87,7.27,2.39,69.06,22.23,80.08
106.79,113.51,38.09,70.11,118.72,60.52,4.21,26.87,41.1,141.37
151.64,79.83,134.95,34.78,182.56,61.39,2.99,78.24,10.44,126.32
153.1,343.37,68.36,9.38,103.47,70.85,1.27,24.96,33.89,164.05
154.54,271.02,97.54,70.71,180.86,69.22,1.18,47.77,30.14,152.02
263.03,34.11,29.23,28.94,106.45,56.18,4.13,41.44,65.29,174.03
228.85,310.41,141.95,13.1,174.2,41.94,4.66,45.8,49.39,236.14
272.96,148.89,124.4,5.08,168.18,15.56,2.65,50.99,165.27,192.09
136.31,272.41,57.01,113.94,200.86,64.63,1.26,39.94,178.23,165.93
147.9,283.05,65.95,92.4,169.2,46.68,3.68,15.58,96.05,197.35
37.63,71.73,124.74,109.35,234.86,45.23,0.94,67.66,59.64,65.49
80.99,179.81,81.38,109.24,217.94,23.98,2.7,8.01,63.64,131.49
36.84,133.95,57.49,68.26,146.55,70.56,1.61,85.81,135.02,95.15
284.29,36.23,102.55,80.33,227.78,75.86,3.04,27.82,114.9,175.07
295.04,373.58,36.58,51.34,101.72,1.54,0.43,98.27,108.43,224.0
247.01,130.0,119.88,75.37,235.82,35.4,1.04,24.4,48.85,148.2
75.9,15.3,21.9,89.75,138.61,71.99,0.5,75.27,99.86,60.61
78.68,189.47,140.66,70.07,229.74,60.15,4.49,29.45,176.95,168.43
58.83,310.32,36.1,5.35,56.76,56.37,2.71,93.81,154.48,159.49
70.0,344.61,136.72,114.09,264.59,49.4,3.55,55.58,151.06,193.2
174.55,367.81,67.43,71.32,143.69,57.83,0.78,79.71,100.39,185.9
132.54,334.58,120.26,28.39,161.14,34.89,1.34,6.82,60.47,159.36
276.03,286.94,116.03,27.87,179.01,47.43,1.71,36.52,44.21,203.03
45.42,182.92,20.21,105.53,139.0,63.13,4.06,51.21,62.55,141.9
186.12,256.96,110.31,94.48,205.31,60.02,0.43,88.84,25.59,152.28
128.91,238.65,125.48,52.7,227.44,23.15,2.38,3.77,179.57,163.9
114.74,23.82,38.37,10.84,56.39,76.48,1.99,65.26,38.29,84.14
190.04,366.01,21.68,63.26,128.65,51.32,3.38,66.96,127.62,231.15
44.13,94.46,131.18,110.67,249.01,56.44,2.5,96.25,149.88,107.43
38.75,207.05,36.37,62.89,122.62,64.59,0.37,63.9,94.73,89.83
6.63,59.25,49.17,13.82,94.96,76.15,2.25,65.34,100.71,65.6
109.72,91.18,107.09,56.25,171.49,17.01,1.7,54.25,7.0,95.73
11.69,63.44,95.17,31.1,133.18,33.29,2.77,74.24,112.69,79.59
77.44,39.51,12.62,72.92,118.18,74.37,0.36,64.15,105.23,63.4
30.31,279.02,12.37,87.36,110.02,64.38,3.19,8.41,121.17,149.49
237.92,86.73,107.89,20.96,147.9,42.58,1.76,96.17,152.41,153.5
167.98,371.01,13.86,63.54,95.51,48.51,1.61,49.38,105.34,195.05
64.33,10.98,33.59,19.49,92.74,20.79,0.21,40.17,9.97,33.36
29.98,131.68,27.09,29.43,62.93,31.64,3.69,3.95,68.19,108.72
196.49,176.24,127.58,108.82,265.4,13.38,1.77,85.69,74.27,161.98
296.86,41.23,81.93,8.72,93.21,31.07,3.17,99.77,45.11,172.13
223.52,273.53,100.61,29.75,170.61,39.28,4.57,42.29,68.08,227.06
240.87,328.12,22.38,111.6,178.11,46.21,1.18,15.6,129.58,208.93
163.54,41.87,43.53,55.24,99.1,74.77,0.37,30.6,54.34,85.74
248.01,202.53,75.97,54.68,136.25,32.37,0.48,8.47,175.5,168.08
166.1,246.31,96.87,87.27,198.09,66.38,4.96,77.56,9.42,207.66
14.22,67.58,147.06,111.51,285.66,10.65,4.16,26.82,17.45,98.51
262.99,398.36,73.6,29.08,112.52,62.72,2.64,86.14,101.16,248.57
28.08,42.63,143.18,74.45,218.67,72.05,3.85,21.43,77.23,94.47
8.66,250.12,34.68,77.77,152.47,51.99,2.26,93.79,83.83,120.31
171.28,266.34,23.88,97.94,126.55,27.82,3.73,45.97,50.13,199.59
77.76,92.87,137.54,37.93,199.13,70.94,0.6,22.5,156.6,80.01
200.74,260.28,18.23,76.53,115.32,72.01,1.16,84.43,49.47,169.55
218.89,113.35,7.44,68.48,102.11,21.22,1.63,2.92,99.59,146.35
173.3,67.48,69.15,92.07,178.06,17.19,0.81,19.03,15.59,101.39
186.33,391.65,71.64,63.77,179.48,45.96,3.28,59.34,57.93,227.47
213.11,334.14,12.96,88.33,132.94,21.52,1.03,48.09,122.09,197.02
139.71,396.4,127.44,41.18,212.86,40.26,2.68,33.54,138.99,207.89
124.68,260.23,68.59,47.37,116.45,57.96,3.67,78.0,75.35,179.92
97.25,372.8,84.66,41.71,152.83,56.98,3.0,81.09,25.96,183.06
119.65,341.7,64.51,91.59,205.05,39.46,4.99,43.31,109.8,224.46
71.15,157.89,115.79,94.62,244.15,21.38,0.12,49.42,96.45,87.75
133.09,150.52,120.71,113.48,236.99,40.95,3.37,34.92,67.75,154.63
295.46,160.2,141.04,80.28,243.04,49.25,1.98,11.24,39.17,185.67
155.49,99.54,65.36,62.13,176.04,58.46,3.3,31.84,129.91,149.6
73.2,206.38,54.41,104.57,178.35,21.78,2.23,77.6,20.68,127.07
202.09,341.85,14.51,87.25,130.74,76.82,1.17,38.85,171.08,201.52
236.98,396.95,82.81,75.91,206.5,55.63,0.64,27.35,32.37,203.98
217.58,214.18,70.35,64.63,166.62,15.81,0.77,17.29,44.92,153.07
145.93,208.53,114.72,49.34,196.95,22.58,1.92,85.6,152.8,156.5
30.61,244.27,2.83,16.11,58.69,67.69,3.74,55.38,72.67,139.53
241.95,355.87,51.28,101.24,161.16,27.13,4.15,49.38,30.94,251.59
161.42,56.29,146.21,13.86,202.85,14.12,3.43,61.23,90.08,135.47
51.92,34.1,90.13,115.88,240.21,13.96,2.73,29.23,31.8,83.88
105.5,173.73,124.31,16.54,186.56,34.6,2.05,61.24,156.0,131.42
155.69,39.65,34.34,81.84,160.96,31.97,3.02,50.8,45.01,124.93
128.11,125.54,145.45,92.9,240.32,12.23,0.13,50.63,61.26,96.12
284.97,276.6,12.5,31.06,84.07,20.18,0.76,75.73,65.1,193.69
59.24,327.95,130.54,38.72,206.98,41.16,0.73,16.22,133.94,131.75
57.44,141.49,110.28,111.01,252.19,6.96,1.54,18.91,37.37,94.36
14.95,216.85,39.12,28.09,76.08,22.66,4.12,86.31,176.73,146.04
282.29,327.35,132.83,84.8,232.27,48.56,3.96,6.19,115.74,260.4
117.33,334.74,55.03,24.82,107.03,20.14,0.36,72.24,91.96,145.44
122.14,105.87,57.44,117.77,182.19,55.57,4.56,93.77,105.09,164.59
254.78,324.96,0.97,106.63,124.15,34.14,1.76,43.45,39.68,213.62
281.01,202.01,36.51,84.75,168.84,28.05,3.79,19.15,110.04,226.14
269.24,352.27,28.52,11.57,76.01,31.04,3.49,35.67,39.24,241.52
173.27,11.48,41.56,53.84,129.04,30.78,3.24,12.91,74.22,125.57
167.16,284.34,68.65,58.97,133.06,18.21,4.8,40.68,80.61,217.58
113.81,17.61,58.36,67.65,163.43,57.77,1.38,66.69,66.31,81.67
138.82,315.54,39.99,90.84,159.1,64.61,4.12,33.37,149.5,214.97
223.25,166.97,8.27,82.11,110.05,18.39,0.79,64.47,72.71,150.44
45.22,253.94,104.03,49.74,169.18,55.67,3.72,72.9,95.06,153.24
103.38,43.48,106.89,86.25,206.2,25.62,1.27,67.71,62.89,84.4
218.45,98.45,132.28,71.91,238.54,28.6,0.83,32.69,161.82,138.53
290.86,329.87,109.51,8.78,141.74,34.48,2.82,87.52,56.5,237.47
138.6,267.78,19.9,40.61,107.57,76.32,1.25,7.03,22.89,140.91
31.4,55.44,46.43,84.4,150.58,12.47,2.11,49.79,169.23,84.35
129.02,77.74,73.08,75.85,177.01,38.2,2.65,32.61,74.55,121.01
298.0,205.32,120.79,83.81,232.28,53.03,4.11,31.49,79.95,235.23
105.06,373.61,67.76,63.98,179.42,52.09,2.78,6.83,162.39,194.85
155.97,76.72,30.04,108.31,166.79,46.16,1.73,88.17,147.03,129.66
153.09,394.27,22.35,5.53,38.33,50.04,2.69,59.63,7.74,196.81
69.11,331.84,50.69,23.01,95.76,8.75,2.74,81.97,13.31,155.98
179.32,193.48,52.81,82.96,142.11,76.56,1.86,17.82,150.52,163.27
152.84,177.38,59.91,47.34,154.79,1.9,1.56,70.44,179.28,147.42
163.45,188.48,52.18,67.13,144.76,28.28,2.43,80.03,79.61,159.45
51.56,216.73,99.62,52.33,183.7,35.05,1.21,64.09,86.96,107.51
143.87,349.9,73.13,25.77,111.39,65.63,0.71,96.81,103.14,166.21
54.98,297.58,18.92,12.36,46.7,61.87,4.74,19.94,177.08,184.68
225.36,216.81,108.3,98.47,254.98,35.98,3.6,12.45,124.32,209.98
101.84,130.22,83.7,5.62,102.79,52.14,2.18,90.28,24.68,108.44
85.29,182.37,110.28,104.19,226.45,12.21,4.69,28.37,148.47,172.48
138.84,189.4,109.2,42.98,192.4,56.63,1.92,55.6,21.48,133.97
154.1,181.54,54.94,41.16,96.6,15.08,0.42,78.55,116.5,125.31
6.76,359.54,44.68,31.77,108.45,51.22,4.14,53.79,52.29,165.45
289.08,243.0,144.11,78.31,271.74,67.4,4.84,25.45,121.12,255.74
269.1,66.64,35.44,119.02,167.18,8.45,0.7,57.53,29.28,139.05
279.12,110.97,92.96,30.1,159.79,29.03,3.57,96.66,51.18,191.95
239.07,396.98,61.05,37.19,138.3,9.18,1.99,76.99,80.81,228.42
74.76,351.23,66.77,97.87,211.72,10.45,3.07,75.67,84.04,182.0
7.74,243.78,94.31,57.31,161.63,12.88,4.04,68.7,40.16,137.44
251.31,61.21,102.76,23.02,159.32,24.84,1.32,32.09,30.15,129.98
222.87,202.16,104.66,32.59,169.59,15.49,0.45,51.83,80.6,149.2
76.9,135.82,53.27,116.44,179.56,66.11,2.46,13.29,11.07,111.19
252.54,294.7,88.2,118.49,251.54,33.19,2.32,49.84,40.89,215.29
258.12,58.99,129.59,58.46,225.21,45.73,0.63,37.82,154.38,137.71
298.29,216.95,119.24,71.75,233.28,33.85,1.38,54.39,145.49,203.78
276.95,133.19,15.14,104.47,141.46,59.52,1.02,46.23,153.14,173.6
184.32,312.53,59.6,83.68,175.59,46.04,2.4,49.49,52.43,194.73
102.08,80.49,70.85,80.19,189.17,33.58,3.46,33.13,116.14,129.04
147.96,187.1,32.41,32.0,85.07,56.41,3.46,36.91,45.77,160.08
71.95,230.84,128.97,25.31,177.06,57.95,4.23,52.15,121.72,163.65
211.33,179.54,105.51,12.09,166.47,9.72,0.61,18.66,60.66,136.21
251.79,37.72,47.3,85.56,165.36,7.68,1.65,12.49,112.12,142.7
142.27,370.81,14.6,96.62,149.39,52.84,3.17,97.21,50.92,209.66
154.97,335.87,128.66,40.26,198.94,48.75,1.27,62.19,118.97,176.29
202.55,219.2,79.68,104.72,216.77,23.13,0.55,79.13,91.14,157.49
12.6,140.92,28.41,60.96,104.77,39.2,1.92,13.56,45.38,79.75
43.26,192.48,77.3,16.07,142.86,79.29,4.8,99.48,49.0,146.74
225.97,186.59,77.13,65.48,187.68,1.9,3.22,40.31,49.45,187.55
282.38,367.5,135.0,49.42,202.07,13.26,4.86,33.53,9.26,271.15
155.59,356.77,127.88,60.7,230.39,8.4,3.79,68.03,20.63,212.03
105.65,232.57,138.58,44.01,230.27,77.67,2.42,21.08,52.52,142.13
6.46,134.82,70.17,27.85,134.29,66.45,3.56,88.42,136.04,110.18
107.71,38.6,85.11,109.08,211.45,3.14,1.17,40.95,121.25,89.98
187.33,368.89,121.0,29.75,152.64,69.8,1.56,18.22,137.0,198.77
47.96,162.0,128.81,23.37,166.96,4.0,3.7,15.6,85.59,124.46
223.95,315.7,145.93,29.37,188.1,71.6,4.67,10.48,143.61,245.18
119.64,277.62,128.58,100.5,254.09,22.4,1.26,51.85,140.17,156.84
261.08,42.39,81.88,78.6,170.09,25.41,1.19,36.42,175.52,147.06
182.3,56.67,112.35,108.34,248.96,51.55,4.8,27.84,145.14,176.71
32.81,281.79,117.14,55.44,204.1,46.42,1.84,36.36,110.06,127.9
199.19,258.07,15.21,16.7,72.5,30.2,0.72,84.38,32.61,154.18
291.97,338.64,96.31,111.56,251.72,79.18,1.36,10.5,148.47,233.78
31.88,204.76,1.42,12.59,34.15,14.51,1.5,79.07,60.4,96.1
48.14,386.0,2.92,68.38,92.29,64.47,1.1,29.58,18.89,140.06
225.4,197.91,57.14,16.39,101.06,71.61,2.03,36.49,43.76,166.66
267.38,177.18,30.33,81.2,126.9,47.2,3.64,3.54,47.38,205.51
212.92,246.05,149.71,17.64,182.49,25.29,0.81,47.04,65.25,158.83
93.35,46.66,138.01,63.15,247.58,77.74,3.68,16.41,72.25,113.9
251.59,310.29,65.42,58.91,132.22,60.7,4.35,73.36,80.75,248.51
29.31,26.64,39.23,119.19,187.99,29.91,2.07,6.66,57.02,65.92
193.69,264.7,8.49,107.72,152.05,41.21,3.37,54.07,156.64,213.66
256.17,301.6,10.26,108.85,160.34,51.41,0.9,4.84,16.37,191.32
141.92,378.08,126.99,83.69,258.55,11.69,0.49,3.24,157.48,175.82
47.29,121.33,60.86,56.83,133.04,62.55,3.37,12.32,14.97,105.23
187.2,107.91,65.75,94.63,193.24,70.67,4.37,70.87,62.01,177.25
10.77,149.93,2.49,99.65,118.2,15.76,0.7,8.2,154.96,77.62
79.57,348.97,27.03,89.24,120.2,45.92,2.88,61.08,37.28,174.0
237.46,144.27,43.16,28.45,76.16,18.59,1.91,98.03,90.09,164.58
163.62,28.78,22.14,84.33,131.39,33.96,1.97,71.78,71.56,113.19
69.46,93.57,125.95,68.73,206.37,54.76,2.61,21.63,86.64,103.47
81.54,148.59,82.04,6.42,115.69,28.38,2.53,21.99,168.9,122.27
215.83,362.04,134.38,77.58,221.36,51.76,1.94,32.44,102.16,214.75
231.77,38.81,17.55,44.72,95.18,65.13,1.82,4.46,142.26,137.04
61.44,168.16,142.01,9.4,167.17,12.22,1.91,49.23,9.19,96.51
195.85,369.54,115.68,15.24,175.64,37.6,4.18,53.56,174.29,245.26
7.95,174.12,148.65,51.81,236.79,35.86,2.03,77.81,101.58,95.99
40.27,88.93,111.67,63.9,216.09,39.06,2.38,2.33,80.45,86.58
165.08,230.82,131.62,89.39,244.17,65.86,1.97,89.3,78.84,166.32
261.14,212.43,124.02,14.93,179.33,4.54,4.36,76.55,137.35,228.96
95.92,34.26,8.84,67.67,77.97,8.93,1.92,69.38,64.34,87.61
90.54,274.87,91.27,17.1,136.49,64.27,4.37,82.88,86.73,180.48
94.54,27.31,56.71,91.69,180.58,47.88,4.25,6.4,25.05,115.66
252.62,27.38,25.05,99.81,172.79,13.99,1.17,80.38,35.08,130.32
89.9,132.35,98.1,88.42,216.23,55.63,4.85,23.14,64.99,153.8
24.82,12.87,47.2,97.94,190.2,67.98,0.28,98.68,65.9,37.42
142.47,377.55,48.05,51.05,101.82,56.21,1.29,40.07,78.62,178.57
262.56,279.43,108.33,71.81,204.27,6.61,4.35,5.64,49.52,239.42
232.03,65.4,76.94,116.75,231.67,1.31,4.77,38.63,62.06,188.92
88.79,87.56,52.45,6.29,67.57,59.39,2.46,62.65,82.62,101.89
170.95,148.73,42.78,99.49,152.17,66.34,1.25,99.38,87.1,139.39
220.48,169.42,7.03,76.46,99.74,62.14,1.04,83.79,54.81,152.44
89.11,61.08,24.57,100.48,131.52,15.37,0.54,75.34,73.94,75.77
264.93,357.27,120.32,25.24,165.57,11.0,2.05,68.67,64.4,225.19
141.16,184.46,57.14,64.6,138.13,70.92,3.66,16.98,36.6,161.39
106.63,77.85,4.39,19.23,55.84,54.26,3.54,40.28,174.24,131.24
209.94,214.15,127.07,40.42,211.16,23.38,2.86,10.14,96.19,184.08
256.32,215.2,83.66,109.16,210.73,6.04,0.63,70.25,83.52,175.74
260.42,317.35,4.99,28.79,72.34,22.87,0.83,34.4,147.98,202.33
39.93,156.01,134.69,21.83,164.97,52.55,2.42,20.13,11.56,93.62
58.44,270.62,111.47,34.82,151.57,44.58,1.75,55.32,25.37,123.14
52.72,226.5,0.98,116.66,145.41,79.08,3.46,17.98,142.62,153.8
63.37,178.39,31.18,79.6,129.11,10.68,0.83,38.33,113.86,100.49
150.91,280.42,29.48,6.84,47.53,2.52,2.96,65.36,22.95,173.57
274.45,241.26,17.2,39.47,95.93,5.53,3.95,78.84,6.36,224.15
52.38,131.9,39.08,112.6,199.16,16.43,0.72,67.14,179.52,94.68
234.94,161.33,45.79,47.8,126.43,64.62,4.74,73.05,52.4,207.33
8.56,232.02,67.53,68.65,163.42,72.76,4.39,81.32,127.88,150.57
299.27,11.74,5.73,32.22,41.19,16.53,0.42,64.34,177.54,138.17
158.06,238.54,60.62,36.4,133.78,31.42,0.34,93.99,131.74,141.57
53.8,370.77,17.01,47.67,67.2,61.74,4.26,88.83,150.99,199.73
30.98,380.22,95.81,52.09,172.45,15.96,1.39,60.1,140.15,148.98
18.4,316.79,33.5,66.96,112.13,5.89,0.56,9.08,101.99,111.39
163.57,263.62,83.56,7.26,117.56,15.43,2.67,75.06,172.08,184.89
156.56,82.37,56.38,103.06,197.6,22.02,4.1,56.67,83.65,158.39
21.84,307.37,13.4,46.39,82.53,54.45,3.86,62.56,46.32,154.79
153.17,321.67,134.88,16.73,176.54,9.59,4.08,67.36,22.98,202.57
106.79,360.61,96.76,92.06,224.19,24.34,0.24,25.05,38.23,145.41
235.74,329.19,101.61,89.7,202.96,42.1,1.42,29.16,20.69,198.6
290.48,162.92,68.57,87.02,201.55,26.38,2.89,94.97,58.57,205.06
160.14,77.92,33.78,66.75,123.11,53.24,3.03,2.14,178.34,145.59
218.07,288.28,83.85,77.89,207.13,46.01,3.69,96.47,16.21,217.98
127.68,230.72,88.49,16.44,138.94,1.74,2.24,82.31,35.22,145.25
42.31,87.27,47.94,43.07,115.7,16.57,1.58,56.6,117.38,79.2
35.68,201.76,125.15,115.78,285.07,3.35,0.74,2.74,124.49,98.19
216.35,117.0,9.89,32.19,57.52,26.03,1.72,4.83,132.95,147.53
180.59,233.65,21.84,60.87,130.29,21.42,1.98,2.27,98.93,167.41
150.18,261.41,67.54,57.27,154.98,22.37,3.94,99.62,148.52,202.58
62.91,239.59,16.62,78.74,115.41,11.5,4.87,33.73,140.81,178.61
129.65,223.64,12.38,25.31,69.72,15.12,3.2,14.17,22.48,154.77
106.15,272.83,96.51,70.59,213.42,44.4,2.36,32.47,176.74,167.12
22.45,222.0,108.46,41.69,188.91,71.8,0.32,27.61,22.82,75.99
245.44,93.17,9.35,99.8,134.82,4.0,3.58,16.74,42.1,177.92
211.99,104.74,141.65,104.09,267.72,44.37,4.86,84.48,74.18,195.33
41.16,46.61,55.1,45.02,117.54,4.24,3.17,81.87,9.48,83.15
33.88,144.45,77.58,50.78,162.27,2.39,0.15,59.67,25.65,60.85
268.23,162.18,9.68,62.74,83.83,14.98,3.28,19.33,40.73,194.94
15.35,380.03,100.14,51.27,200.08,1.44,1.28,27.63,156.27,141.72
94.48,391.91,83.63,20.66,106.84,31.07,1.35,16.48,153.08,169.49
292.41,343.11,79.09,107.26,226.67,36.41,1.53,49.44,173.11,241.58
184.22,224.66,28.04,109.2,137.89,68.79,3.52,39.06,45.68,190.88
87.2,163.83,126.69,38.08,169.24,62.85,1.78,82.86,111.16,117.24
96.25,152.48,29.81,103.86,180.75,2.94,1.71,40.22,25.78,112.43
293.08,213.67,33.58,54.76,105.64,48.65,1.11,50.6,98.14,190.47
213.73,199.71,124.31,44.73,175.23,61.91,2.46,30.12,147.26,182.34
168.35,117.21,132.58,90.7,232.85,63.12,0.51,50.03,74.39,114.89
41.85,88.46,102.12,66.12,204.68,24.36,4.67,80.27,39.96,121.43
298.39,246.15,136.87,50.79,203.96,49.5,2.24,41.15,35.24,210.23
270.56,188.38,59.11,13.86,112.54,14.78,2.41,56.51,66.07,188.76
157.26,188.88,3.19,21.98,74.39,36.36,3.89,24.85,112.76,175.33
139.86,60.79,106.01,110.21,239.53,53.36,3.6,44.11,63.09,137.68
190.99,71.81,95.55,88.09,219.72,56.98,0.36,37.87,21.46,103.05
95.22,31.74,132.36,65.0,230.81,69.67,3.58,10.87,97.84,111.79
282.06,299.82,100.11,8.19,142.36,4.7,1.39,95.63,115.45,211.67
208.63,110.55,126.17,35.05,167.94,22.3,3.06,5.73,175.37,167.89
237.59,176.77,59.31,43.54,142.58,36.92,4.76,80.25,64.62,213.58
252.54,23.77,143.02,46.05,206.97,56.98,1.2,61.94,77.21,127.75
38.23,186.22,78.47,57.67,185.28,64.85,0.32,39.25,107.56,83.22
84.37,249.56,146.99,74.4,224.95,40.46,2.48,46.85,174.38,156.34
67.04,212.3,57.83,64.95,156.45,71.44,0.84,59.09,39.69,102.56
56.32,214.82,51.45,108.45,199.98,79.9,4.47,14.14,160.88,168.11
227.56,310.33,25.38,69.41,139.17,57.3,3.37,22.34,105.68,226.4
189.32,13.04,4.99,88.67,126.85,77.12,0.25,51.55,137.37,98.45
151.47,144.68,84.98,96.56,220.33,66.27,0.85,41.64,100.53,123.73
294.62,150.19,76.36,71.33,173.2,36.77,1.67,8.61,114.94,184.77
31.26,218.78,127.35,116.07,273.86,69.63,1.06,31.97,18.68,96.61
269.52,161.75,117.86,36.59,194.28,20.66,2.34,96.77,147.72,193.14
262.4,245.56,35.42,73.85,114.56,79.9,1.78,18.35,68.76,195.11
115.24,345.04,95.22,44.12,143.13,67.69,0.44,12.04,123.24,150.53
76.64,273.75,17.97,30.77,90.46,73.81,1.37,60.28,13.48,123.25
294.23,109.38,21.7,100.05,164.2,18.09,3.7,9.63,36.3,199.94
149.22,35.9,41.07,45.29,128.38,69.93,2.8,8.2,100.61,118.2
200.29,315.23,61.31,38.73,143.53,2.16,4.33,99.63,116.34,234.35
229.54,31.14,138.11,79.51,244.78,42.41,2.15,54.83,120.21,143.09
28.89,382.15,149.43,80.52,230.91,8.14,1.77,96.7,28.53,147.94
234.5,200.94,3.39,51.17,59.08,8.77,2.19,37.28,76.51,179.79
88.05,141.69,119.93,109.93,248.35,12.34,0.22,23.23,91.36,90.83
9.9,385.68,6.2,107.75,153.16,70.93,2.67,62.19,177.27,171.55
173.82,284.4,51.27,14.79,83.3,20.11,2.29,18.53,22.31,170.92
295.82,38.63,61.29,7.18,94.0,20.8,1.29,2.58,72.65,140.66
148.72,277.13,81.93,102.56,215.43,45.11,1.09,36.76,121.75,161.95
39.2,343.06,37.01,90.92,152.68,13.08,4.05,24.11,117.32,182.26
41.44,355.95,113.62,5.87,120.21,46.84,2.35,16.7,166.43,156.81
290.17,105.05,75.22,78.43,172.69,32.83,4.16,69.13,47.66,206.29
101.27,76.92,59.53,40.64,117.13,72.11,2.94,15.63,167.36,120.36
243.1,38.5,137.65,40.68,195.02,34.71,0.54,81.48,77.39,118.69
249.14,176.38,137.89,42.27,216.42,17.82,4.34,79.51,30.83,207.68
150.98,184.72,6.43,69.08,85.23,78.59,3.05,79.6,145.8,170.24
178.84,143.69,81.89,40.41,154.23,11.78,4.7,96.58,54.1,183.3
16.72,203.49,8.56,68.17,115.89,73.9,0.24,95.39,159.84,87.89
264.0,62.84,42.44,24.52,84.39,52.39,0.35,57.17,164.44,135.11
36.05,92.72,123.98,91.1,234.36,69.09,2.87,49.55,174.71,107.91
178.67,345.95,138.66,73.7,252.99,59.95,3.78,34.35,136.63,228.47
124.75,318.41,142.16,52.95,211.08,8.03,4.4,17.96,55.46,201.0
86.43,16.58,129.09,102.5,264.85,54.67,1.78,68.9,48.57,79.65
192.33,381.42,53.23,42.1,117.88,37.19,4.39,32.52,73.59,241.72
250.46,317.0,25.12,85.22,132.65,41.82,1.43,37.24,116.99,210.44
262.73,374.99,120.22,75.41,208.34,2.37,2.13,29.82,55.02,232.19
265.96,117.64,130.87,12.43,145.98,66.7,2.44,52.21,174.25,180.37
210.77,138.64,99.72,75.08,197.34,50.88,2.8,52.75,36.12,164.19
102.11,103.78,97.35,102.35,223.32,62.94,3.78,73.66,149.54,147.26
260.69,247.79,132.6,60.34,228.52,15.73,1.68,43.42,152.09,201.8
27.79,178.62,54.66,68.31,128.35,42.73,0.64,4.1,61.5,77.17
149.18,114.18,4.01,18.03,29.08,59.51,0.84,75.53,53.94,104.33
280.84,78.15,54.33,68.99,157.64,56.41,0.3,99.32,89.81,143.18
36.94,44.0,87.87,86.98,204.32,6.09,0.18,98.69,30.6,43.32
160.44,257.25,11.4,108.28,156.76,14.31,2.86,79.22,9.0,179.06
266.64,85.43,98.02,110.71,241.4,73.97,0.94,44.23,80.79,150.14
86.37,114.16,14.56,107.37,151.55,13.08,2.51,92.79,35.08,115.3
163.95,67.4,142.61,100.05,291.9,22.33,4.15,89.98,94.88,160.47
121.59,312.67,73.53,79.76,154.88,42.03,2.45,55.53,71.19,175.35
47.67,391.09,22.62,46.82,94.83,51.88,2.74,8.75,50.48,165.72
154.8,180.22,118.42,80.94,222.95,20.96,4.67,96.14,33.89,185.57
12.01,364.12,104.3,102.94,250.75,3.1,4.91,88.53,5.25,184.13
233.99,263.99,52.68,86.85,179.28,32.31,4.35,71.1,132.45,238.63
19.1,349.24,20.54,50.31,73.9,21.0,4.99,54.62,48.22,181.43
39.88,95.76,53.49,77.91,131.46,34.24,4.6,58.93,128.59,130.49
152.08,33.92,26.05,32.61,67.02,30.55,2.35,8.41,30.42,103.68
296.07,88.48,0.98,12.68,38.92,78.74,4.08,25.07,26.56,192.12
238.07,300.94,59.44,117.24,185.42,52.43,2.92,16.32,115.09,226.41
100.7,111.18,140.17,118.73,291.94,23.28,4.42,59.74,11.27,145.33
289.83,209.75,0.01,33.1,57.24,63.2,4.81,51.87,30.34,234.97
223.62,99.75,58.24,113.86,182.61,32.05,0.64,78.21,134.59,141.56
57.57,104.61,63.79,51.66,152.13,65.47,3.83,51.26,39.85,115.47
116.22,290.63,44.41,94.07,171.87,20.45,3.47,39.51,23.84,179.15
218.79,180.26,81.56,28.96,119.66,38.95,4.2,71.75,108.39,201.96
279.26,87.04,90.98,24.61,164.73,33.68,2.51,72.71,154.33,178.68
166.04,381.23,4.74,35.59,59.99,22.38,1.53,86.49,26.25,186.88
239.75,203.18,122.01,81.57,240.47,28.08,0.25,46.54,168.19,165.76
90.33,123.84,87.44,75.86,204.84,30.25,3.97,76.11,15.86,135.1
227.12,26.03,16.89,81.54,135.43,22.55,3.37,22.2,166.67,162.48
23.21,192.17,133.62,118.71,286.41,47.67,1.52,45.77,99.96,103.12
19.24,20.28,36.84,94.81,166.49,1.08,1.37,75.99,102.34,55.87
297.53,396.53,23.01,29.31,100.45,4.71,0.25,24.07,57.65,216.92
280.85,143.7,123.1,24.97,150.21,56.44,0.81,44.31,131.01,164.19
9.13,86.1,122.96,118.56,244.59,62.26,3.1,6.21,128.94,96.28
93.34,304.51,23.02,69.77,142.78,77.91,1.03,7.39,53.81,136.97
259.8,66.2,118.76,57.23,215.06,18.3,2.64,92.63,74.75,164.91
37.05,355.67,61.43,69.84,167.79,52.27,3.08,4.62,172.87,172.59
60.35,16.96,96.26,42.34,171.82,23.38,0.44,51.39,125.44,51.31
265.3,339.05,145.35,10.11,204.11,50.55,4.45,30.55,10.73,247.98
167.71,125.2,83.56,57.22,153.51,2.24,4.74,84.45,84.02,179.44
46.5,210.13,91.13,97.71,212.53,48.88,0.83,7.8,148.45,106.26
186.59,347.27,126.07,119.63,254.74,57.85,1.33,88.84,123.18,200.8
47.84,251.99,9.81,50.12,86.6,61.94,3.49,76.91,87.84,149.73
133.31,372.01,140.93,5.18,180.26,3.01,4.34,59.45,145.54,222.81
56.66,104.98,136.27,113.0,297.37,67.13,4.89,7.26,64.87,137.58
180.04,63.33,50.27,66.93,131.17,7.12,3.39,47.02,96.51,148.39
149.76,276.37,22.97,69.69,103.97,72.69,1.08,88.49,112.82,160.38
270.37,213.04,126.66,56.27,200.2,50.42,2.57,33.94,89.87,202.75
124.37,62.72,36.42,48.74,104.88,70.32,2.52,5.45,157.1,117.87
47.51,61.5,147.09,14.33,192.46,6.73,0.48,66.71,35.07,47.48
48.72,360.89,111.83,114.65,268.55,77.38,4.9,12.55,31.72,196.04
46.19,288.14,10.13,33.69,68.32,20.59,1.49,62.75,80.4,125.1
280.69,221.45,18.04,55.33,101.67,12.46,2.93,30.93,118.24,216.46
102.95,235.75,45.09,68.72,133.94,2.02,1.39,9.43,134.88,136.65
9.64,310.3,1.47,71.61,89.51,40.15,2.84,63.36,59.62,139.84
220.67,327.95,100.71,100.46,225.86,79.45,4.69,27.53,28.98,243.89
100.76,148.3,74.25,15.38,100.29,39.97,2.18,9.51,38.93,110.95
183.89,146.14,112.26,75.49,200.75,49.34,3.26,3.99,6.66,158.21
102.37,298.54,59.24,50.79,124.47,37.92,1.31,29.04,131.49,149.79
204.7,112.76,137.58,102.48,264.65,46.09,2.74,61.07,30.95,157.33
97.14,138.44,111.21,107.54,235.67,55.5,4.56,62.12,93.11,160.18
60.97,388.95,136.14,50.95,226.25,29.94,2.29,32.86,18.07,161.47
10.49,81.17,131.18,90.74,228.74,6.21,3.15,83.8,171.04,101.58
299.51,58.87,127.43,48.04,191.95,47.69,0.57,73.69,35.67,140.15
284.35,107.03,35.6,56.25,132.97,79.65,4.42,8.17,68.77,205.49
107.39,11.66,5.81,111.19,165.93,21.92,1.89,39.49,143.63,96.31
217.34,32.83,127.76,110.79,269.71,62.72,1.41,22.47,41.91,121.82
140.4,334.5,16.4,64.68,109.48,54.98,4.37,77.87,127.53,221.43
252.02,293.75,41.17,98.7,163.83,40.17,4.69,82.63,61.29,252.12
276.37,99.45,137.98,110.42,296.81,62.11,0.9,39.14,143.87,162.48
70.2,72.85,2.91,91.42,133.95,44.04,4.37,20.26,172.62,135.75
190.08,213.92,6.1,11.59,26.48,54.18,0.17,65.1,62.01,133.17
176.68,148.63,124.9,68.84,236.83,47.64,3.13,19.35,114.0,165.2
11.55,262.75,42.27,91.43,148.15,30.39,2.24,50.67,100.36,125.04
194.09,359.05,116.23,82.79,201.84,76.48,0.46,11.9,31.28,176.6
101.24,20.46,125.8,28.9,160.82,56.33,2.07,86.67,48.14,83.64
106.12,122.12,149.8,116.36,293.05,6.17,3.54,94.79,46.32,141.78
248.1,267.74,48.9,59.3,154.26,75.25,2.91,42.8,49.0,210.39
112.26,322.35,29.46,82.74,150.94,11.27,0.51,89.52,157.73,156.05
201.42,372.44,34.26,88.55,136.15,61.98,2.13,70.97,154.8,223.44
233.41,113.65,37.71,16.33,67.9,68.28,4.77,65.36,156.39,202.2
236.33,18.35,53.71,60.51,131.57,51.11,4.78,87.45,125.02,181.93
199.81,261.56,146.18,90.61,237.5,25.67,3.61,71.33,47.14,206.81
223.72,51.59,49.28,25.86,113.58,76.78,3.11,30.45,29.3,144.89
232.31,44.18,143.51,105.93,252.04,65.86,1.22,59.55,147.51,138.97
71.3,302.7,126.34,29.69,173.49,40.7,3.02,86.92,129.03,166.15
235.84,220.35,100.66,119.5,229.8,6.08,4.95,13.85,38.14,228.34
70.52,135.51,78.18,41.05,148.04,12.06,2.31,72.43,102.56,111.19
262.09,48.85,149.36,71.31,251.57,10.48,0.72,65.71,96.95,134.86
181.65,29.07,45.52,61.91,137.39,52.51,4.02,53.56,99.65,149.98
297.64,374.06,26.91,100.8,148.24,36.14,0.71,28.52,168.5,236.69
76.18,311.29,101.8,59.6,188.29,11.49,1.0,62.99,56.78,134.27
292.63,255.18,59.47,90.3,194.48,69.16,2.42,14.18,130.46,225.3
126.38,234.26,139.2,72.23,242.91,63.86,2.96,74.63,34.98,161.65
55.26,124.34,70.66,50.36,155.29,78.93,3.55,8.42,44.38,113.57
269.2,232.17,72.0,110.0,203.07,52.06,3.84,14.14,19.58,223.53
263.03,131.21,142.37,46.97,219.3,42.07,4.88,91.61,46.52,211.99
226.48,56.95,6.09,113.26,156.18,29.94,2.61,86.6,20.93,150.4
257.83,330.27,114.86,17.47,160.58,35.78,1.56,68.92,145.21,215.92
297.98,30.16,147.69,7.89,192.07,9.18,3.46,60.97,89.68,176.54
70.49,157.53,50.94,58.63,145.15,19.51,3.39,95.66,31.02,128.65
272.9,239.1,149.13,72.89,254.8,13.43,4.65,69.89,28.69,238.69
112.95,147.92,45.12,114.57,197.17,24.98,1.42,99.86,168.86,131.15
165.85,221.48,147.63,5.99,158.2,26.75,4.27,25.47,130.1,192.35
153.97,286.49,122.18,13.87,157.93,28.33,4.76,29.94,36.45,203.44
6.95,274.85,114.52,89.01,231.65,48.85,0.69,12.09,108.11,101.81
17.08,94.91,2.98,88.5,102.25,57.6,1.35,99.36,9.73,64.75
77.73,187.96,149.97,70.73,237.63,74.24,3.79,56.33,94.23,150.36
198.66,187.22,80.74,45.62,155.58,31.19,4.85,68.57,159.87,213.06
142.12,201.8,131.6,41.57,206.92,70.7,3.32,12.8,109.18,165.71
43.17,162.87,47.73,54.86,127.25,47.54,0.76,91.78,61.78,83.48
255.54,336.27,82.28,91.7,223.4,31.63,4.66,89.37,135.65,270.61
32.73,79.81,141.41,104.96,292.29,21.99,2.06,13.22,50.69,78.53
136.16,324.52,56.11,32.59,93.92,46.79,0.41,82.87,75.95,149.93
158.12,76.83,37.99,46.21,93.54,51.1,1.12,16.93,95.85,106.4
170.66,122.32,63.29,107.19,192.46,30.03,0.67,76.2,127.27,127.62
265.43,300.08,104.37,78.36,230.17,39.37,0.49,39.05,95.24,194.58
55.68,311.5,68.81,45.69,127.17,43.61,2.92,77.4,96.09,159.21
41.82,236.27,13.23,59.4,80.19,16.2,0.48,9.86,113.23,98.66
101.01,16.07,10.89,103.19,141.26,10.6,2.81,78.52,93.04,105.07
157.31,217.61,117.49,83.1,219.94,36.75,2.55,7.06,35.36,159.91
44.23,218.67,13.51,89.45,115.15,58.58,2.69,81.89,22.88,125.83
226.6,16.09,36.41,91.02,148.61,32.27,1.2,86.0,152.49,129.98
79.93,277.95,147.46,12.78,160.98,63.2,1.87,53.93,55.41,135.03
269.03,398.99,38.58,84.68,168.71,1.15,4.07,9.1,79.58,271.84
105.47,196.64,54.83,106.63,173.86,13.04,4.54,10.54,132.39,178.6
163.67,76.7,41.46,103.72,164.74,5.66,1.08,39.59,173.1,122.32
250.38,397.27,17.24,29.5,78.26,75.14,3.68,96.99,138.97,263.85
37.03,111.42,100.57,114.5,240.89,59.45,3.82,38.8,94.31,120.94
